{
  "dependencies": {
    "apis1": {
      "resourceId": "/subscriptions/[parameters('subscriptionId')]/resourceGroups/[parameters('resourceGroupName')]/providers/Microsoft.ApiManagement/service/MovieAPIapi/apis/MovieAPI",
      "type": "apis.azure"
    },
    "mssql1": {
      "secretStore": "AzureAppSettings",
      "resourceId": "/subscriptions/[parameters('subscriptionId')]/resourceGroups/[parameters('resourceGroupName')]/providers/Microsoft.Sql/servers/demomovieapiserver/databases/movieapi",
      "type": "mssql.azure",
      "connectionId": "ConnectionStrings:BooktrackrContext"
    },
    "secrets1": {
      "secretStore": "AzureAppSettings",
      "resourceId": "/subscriptions/[parameters('subscriptionId')]/resourceGroups/[parameters('resourceGroupName')]/providers/Microsoft.KeyVault/vaults/bookTrackervault",
      "type": "secrets.keyVault",
      "connectionId": "VaultUri"
    }
  }
}